Comment,phi4 - Sentiment,phi4 - Reasoning,phi4 - Total Duration,phi4 - Load Duration,phi4 - Prompt Eval Count,phi4 - Prompt Eval Duration,phi4 - Eval Count,phi4 - Eval Duration,phi4 - Temperature,phi4 - Seed,phi4 - Num_ctx
Leaving.  Very impressive but getting old.  Peace out.,NEUTRAL,"The comment 'Leaving. Very impressive but getting old. Peace out.' presents a mixed sentiment, which leans towards neutral overall. Here's the detailed analysis:

- **Tone Analysis**: The tone of the comment is somewhat detached and nonchalant. The use of 'Peace out' suggests a casual or informal departure.

- **Key Phrases**:
  - 'Very impressive': This phrase indicates a positive acknowledgment of whatever was being discussed in the video, suggesting that the commenter found it noteworthy or skillful.
  - 'but getting old': This part introduces a negative sentiment, implying that while the content is impressive, it feels outdated or repetitive to the commenter.

- **Context Consideration**: The comment appears in response to a video where the host performs card tricks and promotes a cosmetic dentist. The phrase 'Very impressive' likely refers to the card trick performance, which was described as skillful in the transcript. However, 'getting old' suggests that the commenter feels these types of tricks or promotions are no longer novel.

- **Overall Sentiment**: While there is an element of praise ('Very impressive'), it's tempered by a sense of fatigue or boredom ('but getting old'). The comment does not express strong positive or negative emotions but rather a balanced view, leading to a classification as NEUTRAL.",25.17,0.01,599,7.06,293,18.10,0,1,8192
"Hey Jason, love you and your videos. My name is XXX and I'm in the US army and currently deployed in Iraq (me in pfp). Your videos have gotten me through a lot of tough days of deployment so first off thank you for entertaining me. But I have a request, I'm scheduled to come home on June 18th so if you could do a trick, any trick you like with the 6, 1, and 8 it would make my whole week. I wish you nothing but more success and growth on your channel and please keep posting so I don't die of boredom out here. I plan on going to a show when I get back this summer so post those dates as soon as you know them! All love from Iraq!""",POSITIVE,"The comment exhibits an overwhelmingly positive emotional tone, characterized by expressions of gratitude and support. The commenter begins with a warm greeting, 'Hey Jason,' followed by 'love you and your videos,' which indicates strong affection and appreciation for the content creator. This sets a positive tone right from the start.

Key phrases that reinforce this sentiment include 'thank you for entertaining me' and 'wish you nothing but more success and growth on your channel.' These statements reflect gratitude and well-wishes, highlighting the commenter's positive feelings towards Jason and his work. The mention of how the videos have helped during tough times ('your videos have gotten me through a lot of tough days of deployment') further underscores the positive impact Jason has had on the commenter.

The request for a specific magic trick involving the numbers 6, 1, and 8 is framed positively as well. The commenter expresses that such a gesture would 'make my whole week,' indicating how much it would mean to them personally. This shows appreciation and anticipation for future content.

Additionally, the comment ends on an optimistic note with plans for attending a show upon returning home ('I plan on going to a show when I get back this summer'), which suggests excitement and continued support for Jason's work. The closing 'All love from Iraq!' reinforces the positive sentiment by expressing affection and connection despite physical distance.

Considering the context of the video transcript, where Jason discusses performing magic tricks and engaging with his audience, the commenter's request aligns well with the content creator's activities. This further supports a positive interaction between the viewer and the content.",22.77,0.02,741,1.25,342,21.50,0,1,8192
He even trash talks himself  truly no one is safe,POSITIVE,"The comment 'He even trash talks himself, truly no one is safe' carries a positive sentiment. The tone of the comment suggests amusement and admiration for the person's self-deprecating humor. Key phrases such as 'trash talks himself' indicate that the individual is engaging in playful banter about their own abilities or performance, which can be seen as endearing or entertaining to viewers. The phrase 'truly no one is safe' implies a sense of unpredictability and charisma, suggesting that the person's humor extends beyond themselves, making them an engaging personality. In the context of the video transcript, where the speaker appears to be performing magic tricks with a humorous and light-hearted approach, this comment aligns well with the overall tone of entertainment and fun. The viewer appreciates the self-awareness and comedic style, which enhances their enjoyment of the content.",11.87,0.01,597,0.25,189,11.61,0,1,8192
"Welcome to the hustle, indeed! üòÖ I love how the ""includes paid promotion"" tag was there. I don't even know what's real anymore. But you are still the goal.",POSITIVE,"The comment exhibits a positive sentiment overall, despite some underlying skepticism or humor about the content. Here‚Äôs a detailed breakdown of the analysis:

- **Tone Analysis**: The tone is playful and somewhat sarcastic, as indicated by the use of ""üòÖ"" (a laughing emoji) and phrases like ""I love how the 'includes paid promotion' tag was there."" This suggests that the commenter finds humor in the promotional nature of the video. However, this does not detract from their overall positive view.

- **Key Phrases or Words**: The phrase ""Welcome to the hustle, indeed!"" aligns with the video's theme and shows engagement with its content. The use of ""I love how..."" indicates a positive reaction to the transparency about paid promotion. Additionally, ""But you are still the goal."" is a clear expression of admiration or aspiration towards the person in the video, reinforcing a positive sentiment.

- **Context Consideration**: The video transcript describes a magician-like performance with an underlying promotional message for a cosmetic dentist. The comment acknowledges this by referencing the ""includes paid promotion"" tag and humorously questioning what's real. Despite this skepticism, the commenter still expresses admiration for the person in the video, indicating that they appreciate both the entertainment value and the promotional aspect.

Overall, while there is an element of playful critique regarding the authenticity of the content, the comment maintains a positive sentiment due to its admiring tone towards the individual featured in the video.",20.46,0.01,624,0.45,322,20.00,0,1,8192
"""I am so good""  ü§£ü§£ü§£",POSITIVE,"The comment ""I am so good"" accompanied by three laughing emojis (ü§£) suggests a positive sentiment. The tone is playful and humorous, indicating that the commenter finds the situation amusing or entertaining. This aligns with the context of the video transcript where the host humorously attempts to perform magic tricks, such as making cards leap out of a deck, while promoting Dr. Elana's cosmetic dentistry services in San Diego. The use of laughter emojis further emphasizes the lighthearted and positive nature of the comment, suggesting that the commenter is enjoying the video rather than finding it frustrating or disappointing.",8.90,0.01,601,0.25,141,8.64,0,1,8192
It doesn't matter how many times I watch these videos  or how many times I think I might've seen something... This guy right here is hands down the best I've ever seen. It's not even close. And he seems like he'd be a helluva guy to hang out with! Thanks for all the awesome content!,POSITIVE,"The emotional tone of the comment is overwhelmingly positive, as evidenced by enthusiastic and complimentary language. The commenter uses phrases like 'hands down the best I've ever seen' and 'not even close,' which strongly indicate admiration and high regard for the person in the video. Additionally, the phrase 'he seems like he'd be a helluva guy to hang out with!' suggests that the commenter not only appreciates the skills demonstrated but also perceives the individual as likable and engaging on a personal level.

The use of words such as 'awesome' further reinforces the positive sentiment. The comment concludes with an expression of gratitude, 'Thanks for all the awesome content!', which shows appreciation for the videos produced by the person in question. This indicates that the commenter values both the entertainment and skill displayed in the video.

Considering the context provided by the transcript, where the individual performs card tricks and promotes a cosmetic dentist service with humor and confidence, it aligns well with the positive sentiment expressed in the comment. The viewer's admiration for the skills demonstrated (card tricks) and their perception of the person as entertaining and engaging are consistent with the content of the video.

Overall, the combination of enthusiastic language, expressions of personal admiration, and gratitude towards the content creator leads to a clear classification of the sentiment as positive.",18.38,0.01,653,0.66,285,17.71,0,1,8192
Nicely done and she paid 500 for an advertisement.  üòÇ,POSITIVE,"The comment 'Nicely done and she paid 500 for an advertisement. üòÇ' exhibits a positive sentiment. The tone is light-hearted and amused, as indicated by the use of 'üòÇ', which suggests that the commenter finds humor in the situation. The phrase 'nicely done' implies approval or commendation of the video's content or execution. Additionally, the mention of 'she paid 500 for an advertisement' indicates a recognition of the transactional nature of the request, likely with a hint of irony or amusement at how seamlessly it was integrated into the performance. This context aligns well with the transcript, where the host humorously acknowledges the payment and subtly promotes Dr. Elana as a top cosmetic dentist in San Diego. The overall tone is playful and engaging, contributing to a positive sentiment.",11.38,0.01,601,0.25,181,11.12,0,1,8192
Saw Jason live in Boca Raton. He is even better live. Definitely the GOAT!!,POSITIVE,"The comment expresses a highly positive sentiment towards Jason's performance. The tone of the comment is enthusiastic and complimentary, as indicated by phrases such as 'even better live' and 'Definitely the GOAT!!'. The acronym 'GOAT', which stands for 'Greatest Of All Time', suggests that the commenter holds Jason in very high regard, implying admiration and appreciation for his skills. Additionally, the use of exclamation marks emphasizes excitement and strong positive feelings. There is no indication of any negative or neutral sentiment within this comment. Considering the context provided by the video transcript, where Jason appears to be performing impressive card tricks and promoting a cosmetic dentist in San Diego, it seems that the commenter's experience at a live event was particularly enjoyable and memorable, further supporting the positive sentiment classification.",11.01,0.01,606,0.25,175,10.75,0,1,8192
Always love the waterfall trick! Truly impressive,POSITIVE,"The comment expresses a positive sentiment towards the video content. The tone is enthusiastic and appreciative, as indicated by phrases like 'Always love' and 'Truly impressive.' These words convey admiration and enjoyment of the trick being performed, specifically the 'waterfall trick,' which suggests that the commenter finds it captivating or skillful. Additionally, the use of exclamation marks emphasizes excitement and positive emotion. The context from the video transcript supports this sentiment as well; the presenter describes performing a card trick involving pulling a queen and an ace together with ease, followed by attempting to make the King of Hearts leap out of the deck. This aligns with the commenter's focus on the 'waterfall trick,' reinforcing their positive reaction to the performance.",10.37,0.01,594,0.24,165,10.12,0,1,8192
I have been watching you very closely do these tricks and I can never spot how in the world you pull these tricks off. So after careful analysis  I have decided that Magic is 100% real and you my friend have mastered it!,POSITIVE,"The emotional tone of the comment is admiring and appreciative, which indicates a positive sentiment. The commenter expresses admiration for the magician's skill by stating they have been watching closely but cannot figure out how the tricks are performed. This suggests a high level of engagement and respect for the magician's abilities.

Key phrases that influenced this decision include 'watching you very closely,' indicating attention and interest, and 'I can never spot how in the world you pull these tricks off,' which conveys amazement and acknowledgment of skill. The phrase 'Magic is 100% real' suggests a belief in the authenticity and impressiveness of the magician's performance.

The comment concludes with 'you my friend have mastered it!' which further emphasizes admiration and respect, using the word 'mastered' to highlight the perceived expertise of the magician. This language choice reflects a positive sentiment towards both the magician and their craft.

Considering the context from the video transcript, where the magician performs card tricks and humorously promotes a cosmetic dentist in San Diego, the comment aligns with the entertaining and skillful nature of the performance. The commenter's reaction is consistent with an audience member who finds the tricks impressive and believes in the magician's mastery, reinforcing the positive sentiment.",17.38,0.01,633,0.45,273,16.92,0,1,8192
This man's CGI machine must be burning  üòÇ,POSITIVE,"The comment 'This man's CGI machine must be burning  üòÇ' exhibits a positive sentiment. The tone is light-hearted and humorous, as indicated by the use of the laughing emoji (üòÇ), which suggests amusement or entertainment derived from the video content. The phrase 'CGI machine must be burning' implies that the viewer finds the special effects or tricks shown in the video to be impressive or over-the-top, likely due to their complexity or execution. This aligns with a positive reaction where the viewer is entertained by the perceived effort and creativity involved. Additionally, considering the context of the transcript, which involves performing card tricks and promoting a cosmetic dentist service humorously, the comment fits well within this playful and entertaining theme. The overall tone and choice of words suggest that the commenter enjoyed the video's content, leading to a classification of positive sentiment.",11.87,0.01,597,0.25,189,11.61,0,1,8192
Another great vid. His CGI crew must be up to half a dozen employees by now to be able to keep up with all his amazing tricks  Genius is expensive,POSITIVE,"The comment expresses admiration and appreciation for the video, which indicates a positive sentiment. The tone of the comment is enthusiastic and complimentary. Key phrases that influenced this decision include 'Another great vid,' which shows approval and enjoyment of the content. Additionally, 'His CGI crew must be up to half a dozen employees by now' suggests recognition of the effort and resources invested in producing high-quality effects, further indicating appreciation. The use of the word 'amazing' reinforces the positive sentiment towards the tricks shown in the video. Lastly, 'Genius is expensive' implies that while the production might require significant investment, it is justified due to the quality and creativity involved, which aligns with a positive view of the content.",10.36,0.01,618,0.44,161,9.90,0,1,8192
Hardest thing for Mr Jason - talking to the wall like there is actually someone standing,NEGATIVE,"The comment directed at 'Mr. Jason' uses a sarcastic tone, implying that his actions are ineffective or nonsensical. The phrase 'talking to the wall like there is actually someone standing' suggests that the commenter perceives Mr. Jason's behavior as pointless or lacking substance, akin to speaking without expecting any meaningful interaction or response. This metaphor indicates frustration or disapproval of how he communicates, which contributes to a negative sentiment.

The choice of words such as 'hardest thing' and 'talking to the wall' further emphasizes this negativity by implying that Mr. Jason's actions are not only ineffective but also challenging for him to perform correctly. The context from the video transcript shows Mr. Jason engaging in card tricks, which might be perceived as entertaining or impressive by some viewers. However, this particular comment focuses on his verbal communication rather than his performance skills, highlighting a critical view of his interaction style.

Overall, the sarcastic and dismissive tone, combined with the metaphorical language used to describe Mr. Jason's actions, leads to the classification of the sentiment as negative.",15.13,0.01,603,0.25,241,14.87,0,1,8192
Respect for leaving in the blooper,POSITIVE,"The comment 'Respect for leaving in the blooper' carries a positive sentiment. The tone is appreciative and complimentary, as indicated by the use of the word 'respect.' This suggests that the commenter values authenticity or humor, which can be inferred from their appreciation of the 'blooper,' an unintentional mistake or error left in the video. In the context of the provided transcript, the speaker appears to be performing a magic trick and makes a humorous remark about being paid $500 for it, followed by a playful advertisement for a cosmetic dentist. The inclusion of such humor aligns with leaving in bloopers, which often adds charm or relatability to content. Therefore, the commenter's appreciation likely stems from enjoying this candid moment, reinforcing the positive sentiment.",10.81,0.01,594,0.24,172,10.55,0,1,8192
Leap out of the deck??!! üòÇ cgi machines ready üòÇüòÇüòÇ Jason you leave me stunned my friend!!! you are so MASTER GOAT!!! ‚ù§‚ù§ Greetz Spiecull. üéâ,POSITIVE,"The comment exhibits a positive emotional tone, characterized by humor and admiration. The use of emojis such as 'üòÇ' indicates that the commenter finds the situation amusing, particularly the mention of CGI machines, which suggests they are entertained by the exaggerated nature of the trick described in the video. The phrase 'leave me stunned my friend' conveys a sense of surprise and amazement, further emphasizing positive engagement with the content.

The words 'MASTER GOAT' are used to express high praise for Jason, indicating that the commenter holds him in great esteem and finds his performance impressive or entertaining. This is reinforced by the use of heart emojis ('‚ù§‚ù§'), which typically symbolize affection or admiration. The greeting 'Greetz Spiecull' adds a personal touch, suggesting camaraderie or friendship between the commenter and Jason.

In the context of the video transcript, where Jason discusses performing card tricks with a humorous tone and mentions CGI machines as part of the act, the comment aligns well with this playful and entertaining atmosphere. The commenter's reaction is consistent with enjoying the humor and skill displayed in the video, leading to an overall positive sentiment.",16.19,0.01,632,0.45,254,15.73,0,1,8192
I love when someone who is the best at something is arrogant.  You've certainly earned the right.,POSITIVE,"The comment's emotional tone can be interpreted as positive, despite the use of a word like 'arrogant,' which typically has negative connotations. The phrase 'I love when someone who is the best at something' indicates admiration and appreciation for the person being described. This suggests that the commenter acknowledges and respects the individual's expertise or skill level.

The term 'arrogant' in this context seems to be used more as a playful acknowledgment of confidence rather than an outright criticism. The phrase 'You've certainly earned the right' reinforces this interpretation, implying that the person has demonstrated their abilities sufficiently to justify any perceived arrogance. This suggests respect and approval for the individual's accomplishments.

Considering the video transcript context, where the speaker is performing card tricks with a confident demeanor while promoting a cosmetic dentist in San Diego, it aligns well with the comment's tone. The commenter seems to appreciate the performer's confidence and skill, which matches the positive sentiment expressed in their words.",13.64,0.01,606,0.25,217,13.38,0,1,8192
Waterfall with two cards. Absolutely incredible!,POSITIVE,"The comment 'Waterfall with two cards. Absolutely incredible!' expresses a positive sentiment towards the video content. The tone is enthusiastic and admiring, as indicated by the use of the word 'incredible,' which conveys strong approval and amazement. The phrase 'Absolutely incredible' suggests that the commenter found the trick or performance exceptionally impressive. Additionally, mentioning 'Waterfall with two cards' directly relates to a specific part of the video where the performer attempts a card trick involving a waterfall effect, indicating engagement with the content. In the context of the transcript, the performer discusses performing card tricks and mentions challenges in executing them, which aligns with the commenter's positive reaction to successfully witnessing such a feat. Overall, the choice of words and the context from the video both support a classification of positive sentiment.",11.31,0.01,594,0.24,180,11.05,0,1,8192
I really enjoy this channel. Your card manipulation skills are mind blowing. Take care eh ‚úåÔ∏èüá®üá¶,POSITIVE,"The comment expresses a positive sentiment towards the YouTube channel and its content. The tone is enthusiastic and appreciative, as indicated by phrases like 'I really enjoy this channel' and 'Your card manipulation skills are mind blowing.' These expressions convey admiration and satisfaction with the video's performance. Additionally, the use of 'mind blowing' suggests that the commenter found the skill level impressive and noteworthy. The closing remark 'Take care eh ‚úåÔ∏èüá®üá¶' is friendly and supportive, further reinforcing a positive tone. In the context of the provided transcript, where the presenter showcases card manipulation tricks with humor and confidence, the comment aligns well with the video's entertaining nature, enhancing its positive reception.",10.29,0.01,612,0.44,160,9.84,0,1,8192
Aha!mm     i figuree it out ...If you look at the dark silver car thats just behind Jasons head  on the book shelf  payclose  attention to the angle of the green case .. then after he touches his face  roughly around 42 seconds in  you will notice that i have no idea how he does it,NEUTRAL,"The comment exhibits a neutral sentiment, characterized by an analytical and observational tone rather than emotional language. The commenter uses phrases like 'Aha!mm' and 'i figuree it out,' indicating curiosity or realization without expressing strong positive or negative emotions. The focus is on analyzing the video's content, specifically pointing out details such as the angle of a green case and actions around 42 seconds into the video. Words like 'payclose attention' suggest an attempt to engage others in scrutinizing the trick, but there is no overt praise or criticism. The phrase 'you will notice that i have no idea how he does it' implies skepticism about the method used for the magic trick, yet it's presented more as a statement of fact rather than a negative judgment. Overall, the comment maintains an objective tone, focusing on observation and analysis without conveying strong positive or negative emotions.",12.66,0.01,655,0.66,194,11.99,0,1,8192
"""Shuffles legit obviously.""",POSITIVE,"The comment 'Shuffles legit obviously.' conveys a positive sentiment. The tone is approving and confident, as indicated by the use of the word 'legit,' which suggests authenticity or credibility in the context of card shuffling. The adverb 'obviously' reinforces this approval, implying that the legitimacy of the shuffle is clear and undeniable to the commenter. In the context of the video transcript, where a magician performs tricks involving cards, the comment likely refers to the perceived skillfulness or effectiveness of the shuffles shown in the video. This aligns with the positive sentiment as it acknowledges the magician's ability to perform convincing card manipulations.",9.26,0.01,591,0.24,147,9.01,0,1,8192
