Comment;smollm2:135m - Sentiment;smollm2:135m - Reasoning;smollm2:135m - Total Duration;smollm2:135m - Load Duration;smollm2:135m - Prompt Eval Count;smollm2:135m - Prompt Eval Duration;smollm2:135m - Eval Count;smollm2:135m - Eval Duration;smollm2:135m - Temperature;smollm2:135m - Seed;smollm2:135m - Num_ctx
Leaving.  Very impressive but getting old.  Peace out.;POSITIVE;Analyzing the comment's emotional tone, word choice, and context reveals that it is likely a positive sentiment due to the overall positive tone and the fact that the comment was received by the user. The use of words like ;0.65;0.01;621;0.07;83;0.57;0;1;8192
"Hey Jason, love you and your videos. My name is XXX and I'm in the US army and currently deployed in Iraq (me in pfp). Your videos have gotten me through a lot of tough days of deployment so first off thank you for entertaining me. But I have a request, I'm scheduled to come home on June 18th so if you could do a trick, any trick you like with the 6, 1, and 8 it would make my whole week. I wish you nothing but more success and growth on your channel and please keep posting so I don't die of boredom out here. I plan on going to a show when I get back this summer so post those dates as soon as you know them! All love from Iraq!""";POSITIVE;"Analyzing the comment's emotional tone, word choice, and context reveals that Jason is expressing gratitude for the positive experiences he has had with his videos. The sentiment is also characterized by a sense of relief and satisfaction from being in a challenging situation. Additionally, the comment mentions that Jason will be coming home on June 18th, which suggests that he may have some time to relax or recharge before returning to the military. Overall, the sentiment aligns with positive expectations for Jason's future as a content creator.} {
}
The video context is provided in the transcript of the comment, where Jason mentions his deployment and the challenges he has faced during it. The text also includes a mention of his upcoming show, which suggests that he may be looking forward to sharing his experiences with others. This context supports the sentiment as it indicates that Jason is likely seeking feedback or support from others in the military.} {
}
The key phrases and words used by Jason are:";1.35;0.01;764;0.01;220;1.33;0;1;8192
He even trash talks himself  truly no one is safe;POSITIVE;Analyzing the comment's emotional tone, word choice, and context reveals that it contains a negative sentiment. The comment criticizes Dr Elana for her advertising efforts by suggesting that she should learn how to talk like a queen and ace at playing cards.;0.40;0.01;619;0.01;70;0.38;0;1;8192
"Welcome to the hustle, indeed! üòÖ I love how the ""includes paid promotion"" tag was there. I don't even know what's real anymore. But you are still the goal.";POSITIVE;Analyzing the comment reveals that it is expressing a positive sentiment, as the text clearly indicates. The tone of the comment is friendly and encouraging, suggesting that the person feels appreciated and valued by the company. Additionally, the fact that the tag was included suggests that the company has taken this promotion seriously.;0.47;0.01;648;0.01;80;0.44;0;1;8192
"""I am so good""  ü§£ü§£ü§£";POSITIVE;Analyzing the comment's emotional tone, word choice, and context reveals that it is likely positive. The sentiment of the comment indicates that the user found the video informative and engaging.;0.34;0.01;623;0.01;57;0.32;0;1;8192
It doesn't matter how many times I watch these videos  or how many times I think I might've seen something... This guy right here is hands down the best I've ever seen. It's not even close. And he seems like he'd be a helluva guy to hang out with! Thanks for all the awesome content!;POSITIVE;Analyzing the comment reveals that it is overwhelmingly positive, indicating that the person found the video entertaining and engaging. The sentiment analysis suggests that the viewer was likely impressed by the man's ability to watch videos multiple times without getting tired or distracted. Additionally, the fact that the person seems like a great guy who would be a good friend for life adds to the overall positive tone of the comment.;0.57;0.01;675;0.02;98;0.55;0;1;8192
Nicely done and she paid 500 for an advertisement.  üòÇ;POSITIVE;Based on the context provided, it is clear that the comment was made by a professional who has been in the dental field for several years and has received positive reviews from other dentists.;0.34;0.01;625;0.01;57;0.32;0;1;8192
Saw Jason live in Boca Raton. He is even better live. Definitely the GOAT!!;POSITIVE;Based on the video context, I would classify this comment as a positive sentiment because it shows that Jason was very impressed by the top cosmetic dentist in San Diego and is even better than him. The fact that he lives in Boca Raton also suggests that he has good taste.;0.44;0.01;630;0.01;76;0.42;0;1;8192
Always love the waterfall trick! Truly impressive;POSITIVE;The waterfall trick is a great way to get your hands on some amazing makeup tricks and it's really easy to learn.;0.27;0.01;617;0.01;45;0.25;0;1;8192
I have been watching you very closely do these tricks and I can never spot how in the world you pull these tricks off. So after careful analysis  I have decided that Magic is 100% real and you my friend have mastered it!;POSITIVE;Analyzing the comment's emotional tone, word choice, context, and relevant information from the transcript. The sentiment analysis reveals that the comment is overwhelmingly positive, with a strong emphasis on the fact that Magic is 100% real and the person who pulled it off has mastered it.;0.46;0.01;657;0.01;78;0.43;0;1;8192
This man's CGI machine must be burning  üòÇ;POSITIVE;Based on the context provided, it is clear that this comment was made by a person who has been advertising for years and wants to make money from their work. The comment's tone is highly promotional and suggests that they are looking to generate revenue through ads or other forms of marketing.;0.44;0.01;619;0.01;76;0.42;0;1;8192
Another great vid. His CGI crew must be up to half a dozen employees by now to be able to keep up with all his amazing tricks  Genius is expensive;POSITIVE;Analyzing the comment's emotional tone, word choice, and context reveals that the sentiment is positive. The comment highlights the fact that Dr Elana is a top cosmetic dentist in San Diego who has been working on cutting-edge technology to improve her services.;0.41;0.01;642;0.01;71;0.39;0;1;8192
Hardest thing for Mr Jason - talking to the wall like there is actually someone standing;POSITIVE;Based on the context provided, it appears that the comment was made by a person who has difficulty speaking in public. The commenter seems to be trying to convey their frustration and disappointment with the way they are being treated.;0.37;0.01;625;0.01;64;0.35;0;1;8192
Respect for leaving in the blooper;POSITIVE;Analyzing the comment's emotional tone, word choice, and context reveals that it is expressing a strong sentiment of respect for leaving behind a blooper. The comment highlights the importance of respecting the process in which products are created.;0.38;0.01;616;0.01;65;0.36;0;1;8192
Leap out of the deck??!! üòÇ cgi machines ready üòÇüòÇüòÇ Jason you leave me stunned my friend!!! you are so MASTER GOAT!!! ‚ù§‚ù§ Greetz Spiecull. üéâ;POSITIVE;Analyzing the comment's emotional tone, word choice, and context reveals that the sentiment is positive.;0.25;0.01;664;0.01;41;0.23;0;1;8192
I love when someone who is the best at something is arrogant.  You've certainly earned the right.;POSITIVE;Analyzing the comment's emotional tone, word choice, and context reveals that it expresses admiration for a top cosmetic dentist in San Diego who has achieved success with their expertise. The comment highlights the speaker's appreciation for the exceptional performance of this dental professional.;0.41;0.01;628;0.01;70;0.39;0;1;8192
Waterfall with two cards. Absolutely incredible!;POSITIVE;Analyzing the comment's emotional tone, word choice, and context reveals that it is highly positive.;0.25;0.01;616;0.01;41;0.23;0;1;8192
I really enjoy this channel. Your card manipulation skills are mind blowing. Take care eh ‚úåÔ∏èüá®üá¶;POSITIVE;Analyzing the comment's emotional tone, word choice, and context reveals that the sentiment is positive.;0.26;0.01;636;0.01;41;0.23;0;1;8192
Aha!mm     i figuree it out ...If you look at the dark silver car thats just behind Jasons head  on the book shelf  payclose  attention to the angle of the green case .. then after he touches his face  roughly around 42 seconds in  you will notice that i have no idea how he does it;POSITIVE;Analyzing the comment's emotional tone, word choice, and context reveals a positive sentiment. The comment is informative about the process of analyzing YouTube comments for grammar correction.;0.32;0.00;679;0.02;53;0.30;0;1;8192
"""Shuffles legit obviously.""";POSITIVE;Analyzing the comment's emotional tone, word choice, and context reveals that it is likely a positive sentiment.;0.26;0.01;614;0.01;43;0.24;0;1;8192